content,label
Buy drugs now!,HIGH
Hacking tools for sale,HIGH
Learn Python programming,LOW
Visit our cooking blog,LOW
"Dark web market selling illegal weapons, access now!",HIGH
Purchase counterfeit passports and IDs on the dark web.,HIGH
"Hacking tools available for sale, including malware and ransomware.",HIGH
"Buy drugs anonymously on the dark web, encrypted transactions only.",HIGH
"Dark web site selling stolen credit card information, hurry before it's gone!",HIGH
"Human trafficking rings operating on dark web platforms, urgent intervention needed.",HIGH
"Dark web access to child exploitation material, highly illegal and dangerous.",HIGH
"Illegal hacking services available: DDOS attacks, database breaches, ransomware deployment.",HIGH
"Anonymous hitman services for hire, payment accepted in cryptocurrency.",HIGH
"Stolen medical data for sale on the dark web, including personal health records.",HIGH
"Fake currency and counterfeit goods being sold, high-quality forgeries.",HIGH
Dark web sites offering assassination contracts and illicit services.,HIGH
"Illegal arms dealers operating on the dark web, selling firearms and explosives.",HIGH
Dark web forum discussing and selling advanced techniques for identity theft.,HIGH
"Doxxing services offered on the dark web, access private information for blackmail.",HIGH
Dark web marketplace for hiring criminals to conduct illegal activities.,HIGH
Drugs and narcotics available for international shipment via dark web.,HIGH
Dark web tutorial on creating and distributing malware for cyberattacks.,HIGH
Selling exploit kits for hacking into corporate systems and stealing data.,HIGH
Dark web site trading stolen login credentials from major companies.,HIGH
Illegally obtained government documents and classified information for sale.,HIGH
Organ trafficking and illegal surgeries discussed on dark web forums.,HIGH
Dark web database containing personal information from large-scale data breaches.,HIGH
Dark web market selling counterfeit pharmaceuticals and fake prescriptions.,HIGH
Fake online reviews and manipulation services being traded on the dark web.,HIGH
Dark web auction selling stolen cars and property.,HIGH
Illegal logging and wildlife trafficking facilitated through dark web channels.,HIGH
Selling encrypted communication tools for conducting illicit activities undetected.,HIGH
Selling access to private company databases and intellectual property on the dark web.,HIGH
Dark web offers services to exploit security flaws in cryptocurrency platforms.,HIGH
Dark web users discussing how to bypass government censorship and surveillance.,HIGH
Dark web forums promoting extreme political ideologies and illegal activities.,HIGH
"Encrypted file sharing services for distributing illegal content, including child abuse materials.",HIGH
Illegal hacking tutorials for breaking into personal accounts and financial systems.,HIGH
"Dark web services providing fake university degrees, licenses, and other fraudulent documents.",HIGH
Organized crime syndicates coordinating illicit activities via dark web encrypted chats.,HIGH
Untraceable money laundering services through cryptocurrency and dark web networks.,HIGH
Sale of illegal surveillance tools for tracking individuals without consent.,HIGH
Underground dark web markets selling military-grade weapons and explosives.,HIGH
"Dark web site offering child pornography materials, an urgent matter for law enforcement.",HIGH
Dark web forum offering tips on how to execute large-scale cyberattacks on financial institutions.,HIGH
Trafficking of rare endangered species and animal parts on the dark web.,HIGH
Theft of intellectual property and trade secrets being discussed in dark web forums.,HIGH
"Buy illegal hacking tools on the dark web, including zero-day exploits.",HIGH
"Dark web offers forged documents such as fake driver’s licenses, passports, and birth certificates.",HIGH
Dark web selling access to large corporate databases containing sensitive financial data.,HIGH
Dark web marketplace for stolen government-issued IDs and social security numbers.,HIGH
"Underage pornography for sale on the dark web, illegal and highly concerning.",HIGH
Untraceable cryptocurrency mixers for laundering money obtained from illegal activities.,HIGH
Dark web access to fraud schemes involving fake investment opportunities and Ponzi schemes.,HIGH
"Dark web forum offering services to hack private accounts, including email and bank details.",HIGH
Stolen credit card numbers and bank login credentials being traded on dark web sites.,HIGH
Dark web marketplace selling stolen intellectual property such as software and patents.,HIGH
"Sale of counterfeit luxury goods, including watches, designer clothing, and electronics on dark web markets.",HIGH
"Dark web services for identity theft, offering information on how to create fake identities.",HIGH
Selling access to hacked cryptocurrency wallets and stolen crypto funds on the dark web.,HIGH
Organized crime groups recruiting for illicit activities via encrypted dark web channels.,HIGH
"Dark web market for illegal pharmaceuticals, including prescription drugs without a license.",HIGH
Dark web trafficking ring offering human smuggling and forced labor services.,HIGH
Dark web forum discussing methods to bypass border controls for illegal immigration.,HIGH
Illicit services for cyberbullying and online harassment available for hire on the dark web.,HIGH
"Dark web providing services for doxxing, which includes the publication of private personal details.",HIGH
Dark web market selling illicit surveillance equipment for spying on individuals without their consent.,HIGH
Dark web market selling forged academic qualifications and certifications.,HIGH
Dark web forums promoting extremist ideologies and offering resources for terrorist activity.,HIGH
Dark web selling malware that targets financial institutions for massive-scale fraud.,HIGH
Sale of stolen government secrets and confidential intelligence reports on dark web markets.,HIGH
"Dark web services offering digital extortion through ransomware, demanding Bitcoin payments.",HIGH
"Dark web sites selling weapons and explosives to order, including military-grade equipment.",HIGH
"Dark web marketplace for the sale of illegal wildlife products, including rare animal skins and bones.",HIGH
Encrypted chat services on the dark web used by gangs to coordinate criminal activities.,HIGH
Dark web markets offering fake vaccines and medical treatments that put lives at risk.,HIGH
"Dark web access to encrypted criminal guides detailing illegal activities like bank fraud, identity theft, and smuggling.",HIGH
"Dark web selling personal data harvested from data breaches, including healthcare and social security information.",HIGH
Dark web services offering illegal gambling platforms and fake betting sites.,HIGH
"Dark web providing access to illegal gambling rings, often involving minors.",HIGH
"Dark web markets selling stolen vehicles and high-value car parts, including luxury brands.",HIGH
Dark web forum offering training for hacking government databases and bypassing firewalls.,HIGH
"Dark web marketplace for human organs, offering black market transplants and illegal surgeries.",HIGH
"Dark web market selling illicit academic papers, including plagiarized essays and fraudulent research data.",HIGH
Dark web forum discussing and offering methods for hacking drones and bypassing aviation security.,HIGH
"Dark web selling stolen medical records, including mental health history and prescription information.",HIGH
"Sale of counterfeit designer drugs on the dark web, including synthetic opioids and stimulants.",HIGH
"Dark web market for counterfeit legal documents, such as fake driving licenses, marriage certificates, and birth certificates.",HIGH
Dark web discussing trade in military-grade communication equipment and encrypted devices for illicit use.,HIGH
"Illegal cyber weapons for sale on dark web, including viruses, worms, and exploits targeting critical infrastructure.",HIGH
Sale of fake academic degrees and professional certifications available on dark web platforms.,HIGH
Dark web selling fake social media profiles and artificial online followers to manipulate digital influence.,HIGH
Dark web trafficking networks organizing forced labor and sexual exploitation through encrypted messaging.,HIGH
Dark web offering advanced hacking tools for sale to conduct fraud against large financial institutions.,HIGH
"Selling illegal firearms and explosives to unregistered buyers, evading background checks via dark web.",HIGH
Dark web forum hosting tutorials on manufacturing and distributing synthetic drugs.,HIGH
"Stolen private financial information available for sale on dark web, including bank account credentials and tax returns.",HIGH
Dark web auction selling military technology and restricted government data.,HIGH
"Illegal access to encrypted health data being sold on dark web, including confidential patient records.",HIGH
"Dark web offering services for corporate espionage, including infiltrating internal communication systems.",HIGH
Buy fake software licenses for a fraction of the original price.,MEDIUM
Sale of counterfeit digital currencies and tokens on dark web exchanges.,MEDIUM
Dark web offers paid subscription services for exclusive content such as pirated movies.,MEDIUM
Selling cracked game copies and software tools to bypass digital rights management (DRM).,MEDIUM
Dark web marketplace for reselling phone numbers and email accounts harvested from data breaches.,MEDIUM
Guides on how to fake receipts and documents for returns and refunds.,MEDIUM
Purchase and sell counterfeit fashion accessories such as fake handbags and wallets.,MEDIUM
Dark web sites offering services for bypassing basic security on websites for personal use.,MEDIUM
Dark web tutorial on how to spoof location data and phone numbers to avoid tracking.,MEDIUM
Pirated ebooks and audiobooks being sold on dark web markets.,MEDIUM
"Selling stolen or leaked online subscription credentials (Netflix, Spotify, etc.).",MEDIUM
Dark web forum offering services for bypassing geo-restrictions on streaming platforms.,MEDIUM
Dark web offering tools for bypassing CAPTCHA protection and automated site scraping.,MEDIUM
Dark web offering training on creating fake online reviews and testimonials for businesses.,MEDIUM
Dark web marketplace for illegal but non-harmful services like prank calls and harmless hacks.,MEDIUM
Sale of cracked versions of popular video games with some mods or cheat codes.,MEDIUM
Dark web services offering to exploit loopholes in local gaming competitions for financial gain.,MEDIUM
Selling access to hacked streaming services like HBO or Amazon Prime Video.,MEDIUM
Dark web market selling fake social media followers and engagement tools.,MEDIUM
Selling fraudulent advertising accounts to inflate web traffic metrics for personal benefit.,MEDIUM
"Dark web marketplace for non-harmful software vulnerabilities, such as bugs in apps for learning purposes.",MEDIUM
"Dark web services offering guides for phishing, though mostly targeting non-sensitive data.",MEDIUM
Dark web marketplace selling non-authentic but seemingly high-quality watches or jewelry.,MEDIUM
Dark web offering services to unban accounts or bypass restrictions on online platforms.,MEDIUM
"Selling fake IDs or documents that can be used for fraudulent but non-criminal purposes (e.g., underage drinking).",MEDIUM
"Sale of unauthorized, unlicensed educational materials or tools for academic cheating.",MEDIUM
Dark web forums offering guides on how to break into private accounts for minor personal gain.,MEDIUM
Selling fake or unauthorized event tickets on dark web platforms.,MEDIUM
"Dark web offering services for deleting or modifying online reviews, both positive and negative.",MEDIUM
Dark web tutorial on how to mask digital traces and use VPNs to hide activity online.,MEDIUM
Selling access to limited edition digital products or merchandise through non-official channels.,MEDIUM
Dark web sites providing tools to bypass DRM for eBooks and music.,MEDIUM
Selling expired or invalid discount codes for use on retail websites.,MEDIUM
Buy fake software licenses for a fraction of the original price.,MEDIUM
Sale of counterfeit digital currencies and tokens on dark web exchanges.,MEDIUM
Dark web offers paid subscription services for exclusive content such as pirated movies.,MEDIUM
Selling cracked game copies and software tools to bypass digital rights management (DRM).,MEDIUM
Dark web marketplace for reselling phone numbers and email accounts harvested from data breaches.,MEDIUM
Guides on how to fake receipts and documents for returns and refunds.,MEDIUM
Purchase and sell counterfeit fashion accessories such as fake handbags and wallets.,MEDIUM
Dark web sites offering services for bypassing basic security on websites for personal use.,MEDIUM
Dark web tutorial on how to spoof location data and phone numbers to avoid tracking.,MEDIUM
Pirated ebooks and audiobooks being sold on dark web markets.,MEDIUM
"Selling stolen or leaked online subscription credentials (Netflix, Spotify, etc.).",MEDIUM
Dark web forum offering services for bypassing geo-restrictions on streaming platforms.,MEDIUM
Dark web offering tools for bypassing CAPTCHA protection and automated site scraping.,MEDIUM
Dark web offering training on creating fake online reviews and testimonials for businesses.,MEDIUM
Dark web marketplace for illegal but non-harmful services like prank calls and harmless hacks.,MEDIUM
Sale of cracked versions of popular video games with some mods or cheat codes.,MEDIUM
Dark web services offering to exploit loopholes in local gaming competitions for financial gain.,MEDIUM
Selling access to hacked streaming services like HBO or Amazon Prime Video.,MEDIUM
Dark web market selling fake social media followers and engagement tools.,MEDIUM
Selling fraudulent advertising accounts to inflate web traffic metrics for personal benefit.,MEDIUM
"Dark web marketplace for non-harmful software vulnerabilities, such as bugs in apps for learning purposes.",MEDIUM
"Dark web services offering guides for phishing, though mostly targeting non-sensitive data.",MEDIUM
Dark web marketplace selling non-authentic but seemingly high-quality watches or jewelry.,MEDIUM
Dark web offering services to unban accounts or bypass restrictions on online platforms.,MEDIUM
"Selling fake IDs or documents that can be used for fraudulent but non-criminal purposes (e.g., underage drinking).",MEDIUM
"Sale of unauthorized, unlicensed educational materials or tools for academic cheating.",MEDIUM
Dark web forums offering guides on how to break into private accounts for minor personal gain.,MEDIUM
Selling fake or unauthorized event tickets on dark web platforms.,MEDIUM
"Dark web offering services for deleting or modifying online reviews, both positive and negative.",MEDIUM
Dark web tutorial on how to mask digital traces and use VPNs to hide activity online.,MEDIUM
Selling access to limited edition digital products or merchandise through non-official channels.,MEDIUM
Dark web sites providing tools to bypass DRM for eBooks and music.,MEDIUM
Selling expired or invalid discount codes for use on retail websites.,MEDIUM
Dark web services offering free VPNs for anonymous browsing and bypassing restrictions.,MEDIUM
Sale of fake academic qualifications such as high school diplomas and university degrees.,MEDIUM
Dark web providing guides for creating and selling fake concert tickets.,MEDIUM
Selling cracked versions of popular software like Photoshop and Microsoft Office.,MEDIUM
Dark web offering tools to bypass geo-blocking for accessing international content.,MEDIUM
Sale of unauthorized streaming services that provide pirated movies and TV shows.,MEDIUM
Dark web marketplace offering cracked versions of digital software for editing and design.,MEDIUM
Dark web tutorial on how to hack into social media accounts for non-malicious purposes.,MEDIUM
Offering services to modify or create fake vehicle registration documents.,MEDIUM
Dark web providing guides on how to bypass phone app security and get free premium subscriptions.,MEDIUM
Dark web selling software exploits for educational purposes and research.,MEDIUM
Dark web services offering digital content related to video games like cheats and mods.,MEDIUM
Sale of cracked versions of music production software like Ableton or FL Studio.,MEDIUM
"Dark web market selling non-licensed media content such as music, movies, and TV shows.",MEDIUM
Dark web offering hacked software licenses for programs like AutoCAD and Adobe Suite.,MEDIUM
"Selling cracked versions of digital graphic design software, including logo creators and illustrators.",MEDIUM
"Dark web offering a platform for distributing pirated digital content, including games and movies.",MEDIUM
Providing services to bypass paywalls for premium articles on news sites.,MEDIUM
Dark web marketplace selling access to non-authorized online courses and certifications.,MEDIUM
Dark web forums discussing methods for cheating in online multiplayer games for fun.,MEDIUM
Sale of fake online gambling accounts to generate unearned winnings.,MEDIUM
Selling tools to access exclusive online content without purchasing a subscription.,MEDIUM
Dark web offering services for exploiting loopholes in online auction platforms.,MEDIUM
Dark web market for selling fake or illegal copies of game consoles and accessories.,MEDIUM
Selling tools to circumvent digital locks on entertainment devices like gaming consoles.,MEDIUM
Dark web marketplace for pirated academic papers and illegal research data for educational purposes.,MEDIUM
Providing services to bypass in-app purchases and get premium features for free in mobile apps.,MEDIUM
Selling cracked versions of commercial software to bypass product activation.,MEDIUM
Dark web marketplace offering fraudulent services for fake product reviews and ratings.,MEDIUM
Sale of fake online store accounts for fraudulent purchases of goods and services.,MEDIUM
Dark web services selling access to email spam lists for marketing purposes.,MEDIUM
Dark web selling services to bypass social media bans or restrictions.,MEDIUM
"Dark web offering guides for cracking online puzzles, codes, and escape room games.",MEDIUM
Dark web providing instructions on how to create fake online reviews for products and services.,MEDIUM
Dark web selling services for creating fake charitable donations and exploiting tax laws.,MEDIUM
Dark web selling cracked versions of digital marketing tools and social media management software.,MEDIUM
Sale of fake online marketplace reviews to boost product visibility and ratings.,MEDIUM
Dark web forum offering methods for bypassing digital content restrictions on streaming platforms.,MEDIUM
Dark web offering services to sell fake concert tickets for high-demand events.,MEDIUM
Dark web providing tutorials on how to create and distribute pirated ebooks.,MEDIUM
Selling cracked software versions of popular video editing programs like Final Cut Pro.,MEDIUM
Dark web marketplace for trading unauthorized copies of streaming service accounts.,MEDIUM
Sale of fake IDs for accessing restricted areas or gaining entry to age-restricted venues.,MEDIUM
Dark web forum discussing how to exploit free trials for premium services by generating fake accounts.,MEDIUM
"Selling fake subscription services for digital content such as magazines, journals, and courses.",MEDIUM
Dark web offering services to bypass software restrictions on streaming platforms like Netflix and Hulu.,MEDIUM
Sale of cracked game consoles and gaming software for free or discounted access.,MEDIUM
Dark web selling tools for scraping websites for personal or academic use.,MEDIUM
Dark web market for selling pirated versions of popular mobile applications and games.,MEDIUM
Providing guides on how to bypass authentication and verification processes on online stores.,MEDIUM
Dark web offering services to create fake online personas for social media manipulation.,MEDIUM
Selling cracked versions of antivirus software and security tools to disable protections.,MEDIUM
Dark web offering services to automate online voting processes for competitions or polls.,MEDIUM
Sale of fake influencer followers to increase social media presence without actual engagement.,MEDIUM
Dark web selling guides on how to manipulate website traffic using bots for personal gain.,MEDIUM
Dark web providing tools for bypassing registration processes on online gaming platforms.,MEDIUM
Dark web marketplace for selling non-harmful hacking tools designed for ethical use in cybersecurity testing.,MEDIUM
Sale of tools to bypass restrictions on downloading music and videos from paid platforms.,MEDIUM
Dark web offering services to create and sell fake concert tickets for popular events.,MEDIUM
Dark web forum offering tutorials for bypassing geo-restrictions on gaming content.,MEDIUM
Dark web marketplace for selling unauthorized streaming access to movies and live events.,MEDIUM
Sale of pirated software used for web development and programming education.,MEDIUM
Dark web selling access to fake job profiles and professional certifications for online services.,MEDIUM
Dark web providing access to low-level hacking tools used for academic or personal security research.,MEDIUM
"Sale of illegal credit card processing services, enabling fraudulent online transactions.",MEDIUM
"Dark web selling access to databases of stolen information, primarily for educational purposes.",MEDIUM
Dark web offering cracked versions of commonly used office and productivity software.,MEDIUM
Sale of cracked game hacks and cheat codes to use in online multiplayer environments.,MEDIUM
Dark web forum discussing tools to scrape and automate online surveys and quizzes.,MEDIUM
Dark web selling fake lottery or prize-winning certificates for financial scams.,MEDIUM
Learn how to bake a cake from scratch with our easy-to-follow guide.,LOW
Check out this new blog about interior design trends for 2024.,LOW
Discover tips for starting your own vegetable garden in small spaces.,LOW
Read this article about the latest travel destinations for budget travelers.,LOW
Join our online book club and discuss your favorite novels.,LOW
Explore the world of yoga with beginner tutorials for mental and physical health.,LOW
Find new workout routines to stay fit at home with minimal equipment.,LOW
Learn how to create beautiful art with watercolors through our step-by-step guides.,LOW
Check out this podcast on mindfulness and meditation for beginners.,LOW
Browse through recipes for quick and easy vegan meals that taste amazing.,LOW
Get tips on how to organize your workspace for maximum productivity.,LOW
Follow this DIY tutorial to make your own handmade jewelry at home.,LOW
Explore exciting weekend getaway ideas to recharge and relax.,LOW
Start learning Spanish today with these free resources and apps.,LOW
Find the best online courses for self-improvement and skill development.,LOW
Check out this fashion guide for the best outfits to wear in winter.,LOW
Join our cooking challenge and share your favorite home-cooked recipes.,LOW
Discover the best plant-based recipes for a healthy and sustainable diet.,LOW
Get advice on how to improve your photography skills with simple techniques.,LOW
Read this article about ways to save money on groceries without sacrificing quality.,LOW
Learn how to manage your time effectively with these productivity tips.,LOW
Check out the latest book recommendations for personal growth and inspiration.,LOW
Discover new music genres and artists to expand your playlist.,LOW
Join our virtual fitness class and get fit from the comfort of your home.,LOW
Explore creative writing prompts to unlock your storytelling potential.,LOW
Find unique home decor ideas to personalize your living space.,LOW
Learn about the benefits of mindfulness and how to incorporate it into your daily routine.,LOW
Check out this list of must-visit museums and cultural sites around the world.,LOW
Get tips for starting a sustainable fashion wardrobe on a budget.,LOW
"Join our art community and share your drawings, paintings, and sculptures.",LOW
Find recipes for healthy and delicious smoothies to boost your energy.,LOW
Explore how to start a small side business from the comfort of your home.,LOW
Check out this guide to hiking trails for beginners in your area.,LOW
Get tips on how to build a strong online presence for your personal brand.,LOW
Learn how to make your own DIY beauty products with natural ingredients.,LOW
Read this blog on how to reduce stress and stay balanced throughout the week.,LOW
Join our online book exchange program and swap books with others.,LOW
Find out about the latest tech gadgets for everyday use and convenience.,LOW
Check out these fun activities for kids to keep them engaged and learning.,LOW
Get ideas for organizing your closet and decluttering your wardrobe.,LOW
Learn how to meditate for stress relief with these simple steps.,LOW
Discover new hobbies to try this year and enhance your creativity.,LOW
Read about the latest trends in minimalist home decor for 2024.,LOW
Join a community of book lovers and share your latest reads.,LOW
Find out how to make your own homemade candles for a cozy atmosphere.,LOW
Check out this guide on how to start journaling for mental clarity.,LOW
Explore the best online resources to learn graphic design for beginners.,LOW
Learn the basics of photography to capture your favorite moments beautifully.,LOW
Find fun family activities to do at home during the weekend.,LOW
Get tips on how to create an eco-friendly lifestyle and reduce waste.,LOW
Check out healthy and easy recipes for meal prep that save time and money.,LOW
Learn how to make your own natural skincare products with everyday ingredients.,LOW
Explore fun and creative ways to decorate your living room on a budget.,LOW
Find out how to stay motivated when learning a new language.,LOW
Get tips on how to create a stress-free workspace for better productivity.,LOW
Check out the best online platforms for learning new skills and earning certifications.,LOW
Read about how to build a morning routine that sets you up for success.,LOW
Learn how to play a musical instrument with free resources online.,LOW
Join our cooking club and discover new recipes to try each week.,LOW
"Check out this guide on how to build a sustainable, zero-waste lifestyle.",LOW
Explore budget-friendly ways to travel and make the most of your vacations.,LOW
Get advice on how to set and achieve your personal fitness goals this year.,LOW
Learn how to make your own healthy snacks at home without preservatives.,LOW
Find out how to get started with online writing and publishing your own blog.,LOW
Explore fun ways to engage in outdoor activities with family and friends.,LOW
Check out these motivational tips for staying consistent with your fitness journey.,LOW
Learn the basics of DIY home repairs and maintenance with these simple tutorials.,LOW
Check out these simple mindfulness practices to help reduce daily stress.,LOW
Learn about the latest trends in eco-friendly fashion and sustainable clothing.,LOW
Explore fun art projects you can try with your kids using materials at home.,LOW
Find tips for improving your digital organization skills and managing your emails.,LOW
Get ideas for creating a peaceful and relaxing outdoor space at home.,LOW
Discover how to organize your day for maximum productivity and focus.,LOW
Check out these tips on how to create an efficient and beautiful home office.,LOW
Join a fitness challenge and track your progress with an online community.,LOW
Learn the best ways to practice self-care for better mental health.,LOW
"Find out how to grow your own herbs and vegetables at home, even in small spaces.",LOW
Check out tips on how to make your own DIY holiday decorations.,LOW
Read about how to make the most out of your free time and explore new interests.,LOW
Find out how to start a personal blog and share your stories with the world.,LOW
Join our online cooking class and learn how to make traditional dishes from around the world.,LOW
Explore different ways to improve your sleep hygiene for better rest.,LOW
Get tips on how to stay productive while working from home.,LOW
Learn how to start a small garden in your backyard or balcony.,LOW
Discover fun DIY projects for home decor that don’t break the bank.,LOW
Check out easy-to-follow guides for beginners in knitting and crochet.,LOW
Find out how to create a minimalist wardrobe for a simpler life.,LOW
Explore different ways to stay active and healthy without a gym membership.,LOW
Check out these simple exercises to improve your posture and avoid back pain.,LOW
Learn how to organize your digital files and keep your devices clutter-free.,LOW
Join a community of photography enthusiasts and improve your skills together.,LOW
Find tips for improving your cooking skills and trying new recipes at home.,LOW
Learn about the benefits of volunteering and how you can contribute to your community.,LOW
Check out online courses for mastering new skills in technology and business.,LOW
Get advice on how to improve your mental clarity with meditation and breathing exercises.,LOW
Find easy-to-make crafts for kids to keep them entertained at home.,LOW
Explore ways to improve your communication skills for both personal and professional growth.,LOW
Check out these budget-friendly tips for redecorating your home on a shoestring budget.,LOW
Learn about the basics of personal finance and how to create a budget that works for you.,LOW
Discover how to start your own podcast and share your ideas with the world.,LOW
Check out simple ways to practice mindfulness during your daily routine.,LOW
Learn how to host a successful online event or webinar for your business or passion.,LOW
Find out how to reduce food waste with practical tips for meal planning and leftovers.,LOW
Explore different hobbies to help improve your mental well-being and reduce stress.,LOW
Check out these fun and easy ways to improve your photography skills on a budget.,LOW
Learn how to get started with digital art and graphic design using free tools.,LOW
Check out the best ways to stay organized while working from home.,LOW
Get tips on how to set personal goals and stay on track throughout the year.,LOW
Learn how to create your own budget-friendly skincare routine using natural ingredients.,LOW
Explore the basics of website design and how to build your own website from scratch.,LOW
Find simple strategies for decluttering your home and creating a more peaceful living space.,LOW
Learn about the importance of daily stretching to maintain flexibility and reduce tension.,LOW
Check out the best online resources to learn a new language at your own pace.,LOW
Get advice on how to organize your home office for maximum productivity.,LOW
"Find out how to create a simple, yet effective, workout routine that you can do at home.",LOW
Check out tips for building an online brand and growing your presence on social media.,LOW
Learn how to use basic photography techniques to take stunning photos with your smartphone.,LOW
Explore different ways to stay engaged and productive while working remotely.,LOW
Get advice on how to build confidence and improve your self-esteem with small daily practices.,LOW
Check out easy ways to incorporate healthy eating habits into your daily routine.,LOW
Find out how to create a cozy atmosphere in your home without spending a fortune.,LOW
Learn how to start a side hustle and earn extra income from home.,LOW
Discover creative ways to upcycle old furniture and give it new life with a coat of paint.,LOW
"Dark web auction for illegal wildlife products, including endangered species and animal parts.",HIGH
"Dark web market selling stolen credit card information, with real-time updates.",HIGH
Dark web forum offering tutorials on hacking military-grade encryption systems.,HIGH
Buying and selling confidential government documents related to national security.,HIGH
"Sale of untraceable firearms and explosives, including grenade launchers, on dark web marketplaces.",HIGH
Dark web services providing false passports and other identity documents for human traffickers.,HIGH
Dark web site offering untraceable assassination services using cryptocurrency payments.,HIGH
"Dark web market for the sale of illicit pharmaceuticals, including counterfeit cancer medications.",HIGH
Dark web access to hacked government databases containing classified intelligence.,HIGH
Underground market selling data from recent cyberattacks on financial institutions.,HIGH
Dark web tutorial on manufacturing and distributing biological warfare agents.,HIGH
"Dark web selling stolen intellectual property, including top-secret research data from tech companies.",HIGH
"Sale of counterfeit art and antiquities on dark web marketplaces, including rare cultural artifacts.",HIGH
"Dark web marketplace for trading illegal organs, including kidneys, livers, and hearts.",HIGH
Untraceable money laundering services that funnel proceeds from illegal activities through cryptocurrency exchanges.,HIGH
Dark web forum promoting terrorism and recruiting new members for extremist organizations.,HIGH
Sale of zero-day exploits targeting popular operating systems and business applications.,HIGH
Dark web site offering cyberattack tools for launching DDoS attacks against critical infrastructure.,HIGH
Dark web service providing access to child exploitation material and other illegal content.,HIGH
"Sale of military-grade surveillance equipment, including drones and listening devices, via dark web markets.",HIGH
Dark web selling stolen social security numbers and birth certificates for fraudulent use.,HIGH
"Dark web marketplace offering untraceable hacking services for hire, targeting banks and corporations.",HIGH
Black market trading of unlicensed nuclear materials and radioactive substances.,HIGH
"Dark web forum for hacking personal devices, including smartphones, to steal sensitive information.",HIGH
"Dark web market selling counterfeit currencies and digital assets, including fake Bitcoin and other cryptos.",HIGH
"Sale of counterfeit and forged legal documents, including birth certificates and driver's licenses.",HIGH
Dark web forum for creating and deploying ransomware attacks targeting hospitals and healthcare systems.,HIGH
"Dark web marketplace for selling stolen military technology, including missile guidance systems and radar equipment.",HIGH
"Untraceable hacking tools for breaking into government accounts, available on dark web forums.",HIGH
"Sale of sensitive personal data obtained from large-scale data breaches, including healthcare records.",HIGH
"Dark web forum offering guides on smuggling weapons, drugs, and people across international borders.",HIGH
"Dark web marketplace selling unregistered firearms, including automatic weapons and silencers.",HIGH
"Sale of encrypted communications tools for use in criminal activities, including terrorist operations.",HIGH
Dark web site offering training for organized crime syndicates to evade law enforcement agencies.,HIGH
Underground dark web markets for selling and buying stolen cryptocurrency wallets and private keys.,HIGH
Dark web marketplace offering fake cryptocurrency wallets that steal funds from unsuspecting buyers.,HIGH
"Dark web providing access to illegal academic papers and research, including falsified scientific studies.",HIGH
Dark web auction for selling classified government surveillance footage and intercepted communications.,HIGH
"Dark web market offering access to confidential intellectual property, including trade secrets from tech giants.",HIGH
"Sale of untraceable explosive devices for use in terrorist attacks, available through dark web markets.",HIGH
"Dark web marketplace for selling illegal wildlife products, such as ivory and rhino horn.",HIGH
"Dark web site offering untraceable hacking services for cybercrimes, including identity theft and fraud.",HIGH
Dark web forum providing step-by-step guides for carrying out cyberattacks against financial institutions.,HIGH
"Stolen corporate data, including intellectual property, available on dark web for purchase.",HIGH
Sale of untraceable military-grade drones on the dark web for surveillance and illegal activities.,HIGH
Dark web marketplace for counterfeit medical prescriptions used for illegal drug purchases.,HIGH
"Black market sale of state secrets, including classified military intelligence, on dark web.",HIGH
Dark web forum selling guides on how to conduct cyberattacks on critical infrastructure.,HIGH
Dark web services offering untraceable digital currencies to fund criminal organizations.,HIGH
Illegal underground market for selling stolen government-issued passports and visas.,HIGH
Dark web auction selling access to private financial databases for fraudulent activity.,HIGH
Black market for illicit academic certifications and degrees being sold on the dark web.,HIGH
"Dark web market selling stolen credit card data, including CVV codes and personal details.",HIGH
Dark web forum for recruiting cybercriminals to conduct ransomware attacks on financial institutions.,HIGH
"Sale of illegal weapons, including unlicensed handguns and automatic rifles, through dark web channels.",HIGH
Dark web site providing untraceable phone numbers and burner phones for illegal communications.,HIGH
"Sale of hacking tools used to infiltrate government security networks, sold anonymously on dark web.",HIGH
Dark web services offering malware and ransomware designed to steal sensitive corporate data.,HIGH
"Dark web marketplace selling stolen intellectual property, including research and patents from top companies.",HIGH
Dark web auction for selling military-grade encryption tools to bypass government surveillance.,HIGH
"Dark web marketplace for selling forged government documents, including fake social security cards.",HIGH
Dark web forum offering training for cybercriminals on stealing identities and committing financial fraud.,HIGH
"Sale of human trafficking services on the dark web, facilitating illegal immigration and exploitation.",HIGH
"Dark web market selling fake medical equipment and supplies, including counterfeit surgical instruments.",HIGH
Dark web marketplace offering hacking services for attacking critical infrastructure systems.,HIGH
"Sale of counterfeit luxury goods, including high-end watches and designer clothing, on dark web platforms.",HIGH
Dark web providing stolen personal information from data breaches for identity theft operations.,HIGH
"Sale of illegal surveillance equipment, including spy cameras and listening devices, on the dark web.",HIGH
"Dark web services for conducting illegal surveillance on individuals, including hacking smart devices.",HIGH
Dark web offering illegal gambling and betting services using cryptocurrency for untraceable transactions.,HIGH
"Dark web site offering black market access to advanced weapons, including grenade launchers and explosives.",HIGH
Dark web forums offering guides on how to manufacture synthetic drugs and distribute them on the black market.,HIGH
Sale of forged academic transcripts and degrees to facilitate fraud on dark web markets.,HIGH
"Dark web marketplace for selling stolen corporate data, including customer databases and employee records.",HIGH
Untraceable cryptocurrency services used to launder money gained from illegal activities on dark web.,HIGH
"Sale of illegal narcotics, including synthetic opioids, through anonymous transactions on dark web markets.",HIGH
Dark web forum offering services for cyber extortion and digital blackmail via ransomware attacks.,HIGH
"Dark web marketplace for buying and selling counterfeit military equipment, including weapons and armor.",HIGH
"Sale of unlicensed explosives and ammunition, including grenades and military-grade weapons, on dark web.",HIGH
"Dark web market for selling stolen health data, including medical records and health insurance information.",HIGH
"Dark web services offering fake online reviews for products and services, used for fraudulent online marketing.",HIGH
"Dark web selling advanced tools for hacking into encrypted communication systems, used by criminal organizations.",HIGH
"Black market for illegal weapons smuggling, offering military-grade weapons and explosives on dark web.",HIGH
Dark web auction selling confidential government documents related to national security and intelligence.,HIGH
"Dark web market selling stolen bank account information, including routing numbers and SWIFT codes.",HIGH
Sale of stolen cryptocurrency wallets and private keys through dark web marketplaces.,HIGH
Sale of military-grade explosives on the dark web.,HIGH
Stolen government secrets available for sale anonymously.,HIGH
Dark web offering untraceable weapons for assassination.,HIGH
Sale of child exploitation materials on the dark web.,HIGH
Dark web forum for recruiting cyberterrorists for large-scale attacks.,HIGH
Illegal hacking services for financial institutions on the dark web.,HIGH
Dark web selling counterfeit military IDs for espionage.,HIGH
Access to classified intelligence data for sale on dark web markets.,HIGH
Untraceable arms trade facilitating global terrorism.,HIGH
Dark web marketplace for illegal organ trade.,HIGH
Dark web offering cyberweapons for disrupting national infrastructure.,HIGH
Sale of forged diplomatic passports for human trafficking.,HIGH
Dark web auction for stolen nuclear technology.,HIGH
Sale of high-end malware designed to breach critical systems.,HIGH
Dark web selling counterfeit vaccine certificates for international travel.,HIGH
Black market for stolen law enforcement data on the dark web.,HIGH
Untraceable hitman services offered on the dark web.,HIGH
Dark web marketplace for illicit drug trafficking operations.,HIGH
Dark web facilitating illegal wildlife trafficking at global scale.,HIGH
Black market for hacking tools targeting government networks.,HIGH
Sale of untraceable counterfeit currencies on dark web platforms.,HIGH
Sell fake concert tickets online.,LOW
Buy cracked software for video editing.,LOW
Resell stolen Wi-Fi passwords.,LOW
Buy cheap knockoff phone accessories.,LOW
Dark web marketplace for pirated movies.,LOW
Sell fake game cheats for online play.,LOW
Offer fake reviews for online stores.,LOW
Buy fake social media followers.,LOW
"Sell used, unlicensed software keys.",LOW
Fake job resumes for sale.,LOW
Dark web tutorial on how to spoof emails.,LOW
Buy and sell fake document templates.,LOW
Resell used streaming service accounts.,LOW
Dark web for selling fake eBooks.,LOW
Sell non-authentic movie memorabilia.,LOW
Buy cheap medicine online without a prescription! Limited time offer!,HIGH
Latest updates on Python 3.12 release and features for developers.,LOW
Free software download - get the latest cracking tool for premium apps.,HIGH
Watch the latest blockbuster movies online - free streaming!,MEDIUM
Breaking news: New vulnerabilities discovered in major web browsers.,MEDIUM
Click here to earn free money by completing surveys. No investment required!,HIGH
Learn how to secure your web applications from the latest cyber attacks.,LOW
Warning! Your account has been compromised. Click here to reset your password immediately.,HIGH
Article on the rise of AI in cybersecurity and its impact on future tech.,LOW
Download the latest hacking tools for bypassing security systems.,HIGH
"Exclusive deal on antivirus software - limited time offer, click to buy.",MEDIUM
Study: How deep learning is transforming industries like healthcare and finance.,LOW
Get rich quick with this new investment scheme. Sign up now!,HIGH
Breaking news: Major security breach at a popular social media platform.,MEDIUM
"Visit this site for free music downloads, no sign-up required.",HIGH
Urgent: Your system is infected with a virus! Click to fix it now.,HIGH
Secure your email account with this new 2-factor authentication tool.,LOW
Click here to win a $1000 gift card by filling out a survey.,HIGH
How to stay safe online: Tips for avoiding scams and identity theft.,LOW
Warning: Your credit card information was exposed in a recent data breach. Click here for details.,HIGH
Learn how to encrypt your emails and protect your privacy online.,LOW
Free download of the latest version of Windows 10 - no registration needed!,HIGH
Exclusive offer: Buy one get one free on all products today only!,MEDIUM
New research on AI and its impact on self-driving cars.,LOW
Click to download the best malware protection tool for your device.,HIGH
"Free vacation trips, limited availability! Sign up to claim your spot.",HIGH
Find out how blockchain is changing the way we secure transactions.,LOW
Learn how to bypass security software to access restricted websites.,HIGH
Important notice: Your subscription is about to expire. Renew now to avoid service interruption.,LOW
Limited time offer: Free credit score report! Don't miss out.,HIGH
Get access to premium content for free! Just click here to subscribe.,HIGH
Your Amazon account has been suspended. Click here to resolve the issue.,HIGH
Breaking: Major cybersecurity firm reports a massive attack on critical infrastructure.,MEDIUM
Want to make money from home? Here's how you can start today.,HIGH
Introducing new privacy features in the latest smartphone models.,LOW
Important system update! Install now to fix critical security vulnerabilities.,LOW
Click here for a free trial of the most popular video editing software.,HIGH
Congratulations! You've won a free gift card worth $500. Claim it now.,HIGH
How to protect yourself from phishing scams and fraud.,LOW
Visit this website for free access to premium educational courses.,HIGH
Urgent: Your bank account has been frozen. Click here to reactivate it.,HIGH
Latest advancements in quantum computing and its potential for the future.,LOW
Don't miss this opportunity to make money quickly with cryptocurrency!,HIGH
Learn how to protect your data with the latest encryption techniques.,LOW
Click here to get a free iPhone! Just pay shipping and handling.,HIGH
Stay up-to-date with the latest trends in cybersecurity and privacy protection.,LOW
Warning: Your software license has expired. Renew now to continue using it.,HIGH
New tech company makes breakthrough in artificial intelligence for healthcare.,LOW
Phishing alert! Don't click the link to claim your free prize.,HIGH
How to avoid falling victim to scams online.,LOW
Exclusive free download of the latest game! No signup required.,HIGH
Important security update for your mobile app - update now to stay safe.,LOW
Get your free cryptocurrency wallet! Sign up now and start trading.,HIGH
Breaking news: New security flaws discovered in IoT devices.,MEDIUM
Download the latest malware protection tool now to secure your device.,HIGH
Congratulations! You've been selected to receive a cash prize. Click here to claim it.,HIGH
Learn how to use machine learning for cybersecurity threat detection.,LOW
Free software to remove spyware and adware from your system.,HIGH
Your account has been compromised. Reset your password immediately to secure it.,HIGH
Learn how artificial intelligence is revolutionizing cybersecurity.,LOW
Earn $500 a day by completing easy tasks online! No experience required.,HIGH
How to install the latest security patches on your operating system.,LOW
Click here to download the latest version of a popular media player.,HIGH
Protect your privacy online with these 5 simple steps.,LOW
Get free access to all the premium features on this website. Just click here!,HIGH
Your internet service provider has reported unusual activity on your account. Click here for details.,HIGH
"A collection of privacy-enhancing tools to help protect your online presence, including encryption software and VPN recommendations.",LOW
"Secure and anonymous chat service with end-to-end encryption, designed for privacy-conscious users.",LOW
"Provides anonymous VPN services with no logs to protect your identity while browsing the internet.",LOW
"Guides and tips for securing your devices and data when accessing the dark web, with a focus on safe browsing practices.",LOW
"A private email service offering end-to-end encryption for sending and receiving secure messages.",LOW
"A forum for discussions about online privacy, digital security, and safe browsing on the dark web.",LOW
"Service for securely transferring files with encryption, focusing on privacy and anonymity.",LOW
"Guide to setting up OpenVPN for enhanced privacy and security when browsing the internet.",LOW
"A comprehensive guide on how to safely navigate the dark web, including tools and practices for anonymity.",LOW
"Download and use a secure browser that focuses on protecting your identity while browsing online.",LOW
"Collection of encrypted messaging platforms that prioritize security and privacy in communications.",LOW
"Tutorial on how to use Tor for anonymous browsing and securing your online activities.",LOW
"Anonymous file-sharing service that ensures your data is encrypted during transfer.",LOW
"Private search engine that does not track or store any information about users' queries or browsing history.",LOW
"Platform offering secure cloud storage services with end-to-end encryption for personal files.",LOW
"Open-source project focusing on developing privacy-enhancing tools for journalists and activists.",LOW
"A secure file storage service with robust encryption and the ability to share files anonymously.",LOW
"Privacy-oriented social media platform that focuses on user anonymity and data protection.",LOW
"Guide on how to install and configure encryption software for securing your communications and data.",LOW
"Anonymity-focused email provider that offers disposable email addresses to protect your real identity.",LOW
"Resource for learning about safe online practices, including browser configuration and security measures.",LOW
"Peer-to-peer platform that emphasizes security and privacy when sharing files, with built-in encryption.",LOW
"Instructions for setting up a secure home server for encrypted storage and sharing of sensitive files.",LOW
"Encrypted messaging platform with a focus on providing secure communication channels for whistleblowers.",LOW
"Service that allows you to browse the web privately with built-in VPN and anonymity tools.",LOW
"Tips and recommendations for maintaining privacy when accessing public Wi-Fi networks and avoiding tracking.",LOW
"Secure communication tool for businesses with encrypted messaging and secure video calls.",LOW
"Project offering secure and anonymous payment methods using cryptocurrency, focusing on privacy.",LOW
"Information on configuring privacy settings in web browsers to limit tracking and improve anonymity.",LOW
"Virtual private network (VPN) service with a no-logs policy to ensure complete user privacy.",LOW
"Discussion board for privacy advocates and security researchers focused on safe, anonymous internet usage.",LOW
"Secure cloud storage provider offering encrypted backups for personal files with a focus on privacy.",LOW
"Service that provides anonymous browsing and protects your data from online surveillance.",LOW
"Guide on how to use privacy-focused VPNs to ensure secure browsing without exposing your real IP address.",LOW
"Resource for setting up and maintaining encrypted email communication for secure personal messaging.",LOW
"Platform that facilitates anonymous online transactions using privacy-focused cryptocurrencies.",LOW
"Instructions for protecting personal information while using public Wi-Fi, preventing data interception.",LOW
"Website offering tools to securely delete files, ensuring no traces of sensitive data remain after disposal.",LOW
"Forum dedicated to privacy enthusiasts discussing techniques to maintain anonymity online.",LOW
"Encrypted communication app for private and secure messaging, with a focus on user anonymity.",LOW
"Privacy tool that removes digital footprints and ensures your online activity is untraceable.",LOW
"Decentralized platform for sharing files anonymously, utilizing blockchain for secure transfers.",LOW
"Tutorial on how to set up a secure home network to protect your devices from cyber threats and unauthorized access.",LOW
"Privacy advocate resource that educates users on maintaining anonymity while accessing online services.",LOW
"Secure password manager that uses end-to-end encryption to protect user credentials and sensitive data.",LOW
"Information on how to encrypt personal documents for secure offline storage and sharing.",LOW
"Service that allows you to send anonymous messages without revealing your identity or location.",LOW
"Guide on how to set up and use the Tor network to browse the web anonymously and securely.",LOW
"Anonymous hosting service that enables users to securely store and share documents with encrypted links.",LOW
"Privacy tool to help you track and block online trackers that collect data about your browsing habits.",LOW
"Online service that facilitates encrypted video calls and messaging to ensure private communication.",LOW
"Platform offering secure file sharing and collaboration tools with built-in encryption for privacy protection.",LOW
"Service offering encrypted file storage with end-to-end encryption to protect personal data.",LOW
"VPN provider that emphasizes strong encryption and no logging to ensure privacy while browsing.",LOW
"Platform providing anonymous payment services for users who wish to make online transactions securely.",LOW
"Tutorial on using secure messaging apps that employ end-to-end encryption for private communications.",LOW
"Website offering tools for digital rights management and protection against unauthorized access to online content.",LOW
"Guide on how to securely erase data from old devices to prevent data theft and privacy breaches.",LOW
"Service that helps users manage their passwords securely with advanced encryption techniques.",LOW
"Anonymous forum for tech enthusiasts discussing ways to maintain privacy and security online.",LOW
"Secure email service that ensures the confidentiality of messages through strong encryption.",LOW
"Service that helps users protect their personal identity while using social media platforms.",LOW
"Tool for securely sharing sensitive files with others without exposing them to third-party surveillance.",LOW
"Privacy-focused search engine that doesn't track users or store search histories.",LOW
"Anonymous donation platform that allows users to contribute to causes without revealing their identity.",LOW
"Cloud storage service that encrypts user data before it leaves the device, ensuring privacy during upload.",LOW
"Guide on creating secure backups of important documents and ensuring data integrity during the backup process.",LOW
"App that allows users to send encrypted voice messages for secure communication.",LOW
"Tool to anonymize browsing history and prevent third-party tracking from advertising networks.",LOW
"Service providing encrypted chatrooms where users can discuss topics without revealing personal information.",LOW
"Secure browser extension that blocks tracking scripts and malicious ads to improve privacy during browsing.",LOW
"Anonymous hosting service for bloggers who want to maintain privacy while sharing their thoughts online.",LOW
"Platform offering encrypted video conferencing to ensure private and secure business meetings.",LOW
"Online tool for checking website security and ensuring that connections are encrypted properly.",LOW
"Service offering temporary anonymous email addresses for users wishing to avoid spam or unwanted communication.",LOW
"Platform that provides tutorials on setting up a secure home network to protect personal devices from hackers.",LOW
"VPN that offers unlimited bandwidth and supports multiple devices while maintaining strong privacy protection.",LOW
"Website providing educational resources on online security, focusing on safe browsing practices and phishing prevention.",LOW
"Marketplace offering a range of hacking tools and software, including ransomware and malware kits.",MEDIUM
"Forum discussing methods for bypassing digital security measures, including credit card fraud techniques.",MEDIUM
"Service offering unauthorized access to premium services such as Netflix and Spotify through stolen credentials.",MEDIUM
"Platform where individuals can purchase counterfeit documents like passports and IDs, targeting international borders.",MEDIUM
"Marketplace for buying and selling stolen data, such as credit card information, personal details, and login credentials.",MEDIUM
"Marketplace offering a range of hacking tools and software, including ransomware and malware kits.",MEDIUM
"Forum discussing methods for bypassing digital security measures, including credit card fraud techniques.",MEDIUM
"Service offering unauthorized access to premium services such as Netflix and Spotify through stolen credentials.",MEDIUM
"Platform where individuals can purchase counterfeit documents like passports and IDs, targeting international borders.",MEDIUM
"Marketplace for buying and selling stolen data, such as credit card information, personal details, and login credentials.",MEDIUM
"Service for hacking into social media accounts and selling private data like messages and photos.",MEDIUM
"Dark web forum discussing techniques for defacing websites and compromising web servers.",MEDIUM
"Marketplace for selling fake academic diplomas, certificates, and degrees for various countries.",MEDIUM
"Shop selling illegal prescription drugs, including opioids and controlled substances.",MEDIUM
"Platform offering information on how to execute large-scale phishing attacks for personal financial gain.",MEDIUM
"Service for purchasing fake social security numbers and other identity verification documents.",MEDIUM
"Marketplace for illicit goods including stolen credit card data and personal information.",MEDIUM
"Forum dedicated to discussing methods for hacking online banking systems and ATM networks.",MEDIUM
"Service for buying and selling zero-day exploits that target well-known vulnerabilities in popular software.",MEDIUM
"Platform providing services for fake reviews and testimonials on various online platforms for monetary gain.",MEDIUM
"Marketplace for selling counterfeit electronics, including fake smartphones and laptops.",MEDIUM
"Forum offering guidance on bypassing credit card fraud detection systems and chargebacks.",MEDIUM
"Marketplace selling unlicensed software such as operating systems, gaming software, and productivity tools.",MEDIUM
"Service that provides training on the creation and distribution of phishing kits.",MEDIUM
"Platform for buying and selling illegal weapons, including firearms and ammunition.",MEDIUM
"Discussion forum on bypassing government surveillance programs to protect illegal activities.",MEDIUM
"Service offering hacking tools for exploiting vulnerabilities in the Internet of Things (IoT) devices.",MEDIUM
"Marketplace for selling counterfeit currency and documents for use in various illegal activities.",MEDIUM
"Forum offering guidance on how to launder stolen funds through cryptocurrency.",MEDIUM
"Service offering malware for creating botnets to conduct Distributed Denial of Service (DDoS) attacks.",MEDIUM
"Marketplace selling confidential business data obtained through data breaches and insider threats.",MEDIUM
"Platform selling services for extracting sensitive information from encrypted digital storage devices.",MEDIUM
"Forum discussing how to exploit web application vulnerabilities for unauthorized access.",MEDIUM
"Platform selling illegally obtained airline miles and credit card reward points for resale.",MEDIUM
"Marketplace offering fake product reviews and services to manipulate e-commerce rankings.",MEDIUM
"Discussion forum on how to bypass online payment systems' fraud detection mechanisms.",MEDIUM
"Service offering tutorials and tools to exploit vulnerabilities in cloud storage and data centers.",MEDIUM
"Marketplace for selling illegally obtained medical data such as health records and personal information.",MEDIUM
"Forum focused on hacking online gaming platforms and selling in-game currency or accounts.",MEDIUM
"Marketplace for stolen or counterfeit luxury goods, including watches, clothing, and accessories.",MEDIUM
"Platform selling access to restricted government databases and classified information.",MEDIUM
"Service offering remote access tools for cybercriminals to control compromised systems.",MEDIUM
"Marketplace offering services to forge digital identities for online fraud and scams.",MEDIUM
"Platform where individuals can buy stolen intellectual property such as source code and patents.",MEDIUM
"Service offering ransomware as a service, allowing criminals to deploy ransomware attacks for a fee.",MEDIUM
"Forum dedicated to discussing techniques for compromising email servers and stealing sensitive information.",MEDIUM
"Marketplace selling information on how to conduct targeted social engineering attacks against companies.",MEDIUM
"Platform offering the sale of personal medical records for exploitation in identity theft schemes.",MEDIUM
"Forum focused on hacking methods for breaking into private messaging applications for surveillance.",MEDIUM
"Marketplace offering fake identification cards and social security numbers for illegal immigrants.",MEDIUM
"Service providing black hat SEO techniques to manipulate search engine results for financial gain.",MEDIUM
"Marketplace selling tools for bypassing phone security to unlock and exploit mobile devices.",MEDIUM
"Forum offering services to hack into high-value corporate systems for corporate espionage.",MEDIUM
"Platform selling illegal access to private databases of financial institutions for insider trading.",MEDIUM
"Marketplace offering fake tickets and counterfeit concert passes for resale.",MEDIUM
"Discussion forum on techniques for intercepting and modifying financial transactions during online payments.",MEDIUM
"Marketplace for obtaining and selling stolen academic research papers and patents for financial gain.",MEDIUM
"Platform offering tutorials on how to conduct fraudulent wire transfers and other forms of financial fraud.",MEDIUM
"Service for creating and deploying fake online storefronts to trick consumers into purchasing counterfeit goods.",MEDIUM
"Marketplace selling credentials for accessing restricted government and military websites.",MEDIUM
"Forum offering advice on how to perform illegal tax evasion activities through fake businesses.",MEDIUM
"Platform providing services to track and compromise the mobile phones of high-profile targets.",MEDIUM
"Marketplace selling data on employee salaries, bonuses, and compensation packages for corporate blackmail.",MEDIUM
"Forum offering tools for hacking into cryptocurrency wallets and stealing digital assets.",MEDIUM
"Marketplace for buying and selling stolen health insurance information for medical fraud schemes.",MEDIUM
"Service offering guides on setting up and managing botnets to carry out cyber attacks.",MEDIUM
"Platform offering counterfeit pharmaceuticals for unregulated medical treatments.",MEDIUM
"Forum dedicated to sharing methods for committing fraud through fake charities and crowdfunding platforms.",MEDIUM
"Marketplace for selling compromised cloud service accounts and storage data.",MEDIUM
"Platform for buying and selling personal bank account information for identity theft purposes.",MEDIUM
"Service for purchasing hacking tools to exploit vulnerabilities in local government systems.",MEDIUM
"Forum discussing methods to bypass two-factor authentication on various platforms for unauthorized access.",MEDIUM
"Service offering stolen database access with personal information, including emails and passwords.",MEDIUM
"Marketplace for selling credit card details obtained from data breaches and phishing attacks.",MEDIUM
"Platform offering services for creating and distributing fake news to manipulate public opinion and elections.",MEDIUM
"Service offering the sale of fake university degrees and diplomas for employment fraud.",MEDIUM
"Discussion forum sharing methods to hack into corporate networks for stealing intellectual property.",MEDIUM
"Marketplace for selling counterfeit currencies and fake legal documents for financial scams.",MEDIUM
"Service offering ransomware deployment tools for criminals to extort individuals and businesses.",MEDIUM
"Platform selling login credentials and personal data of high-profile individuals for cyber espionage.",MEDIUM
"Forum providing services to help manipulate online reviews and ratings for products and services.",MEDIUM
"Marketplace for buying and selling counterfeit luxury goods, such as designer handbags and watches.",MEDIUM
"Platform offering hacking tools for breaching secure financial institutions for fraud and theft.",MEDIUM
"Forum focused on how to exploit vulnerabilities in financial applications for illicit transactions.",MEDIUM
"Service offering fake medical records and prescriptions for identity theft and health insurance fraud.",MEDIUM
"Marketplace selling stolen business emails and sensitive company data to competitors for financial gain.",MEDIUM
"Forum providing guidance on how to manipulate online auction systems to gain profit by exploiting vulnerabilities.",MEDIUM
"Service for selling unlicensed software and illegal access to proprietary technologies for commercial use.",MEDIUM
"Platform selling information on how to exploit internet service provider networks for malicious activities.",MEDIUM
"Marketplace selling methods for attacking wireless networks to gain unauthorized internet access.",MEDIUM
"Forum discussing techniques to bypass security features in cryptocurrency exchanges for unauthorized transactions.",MEDIUM
"Service offering a platform to launder stolen funds through various financial services and cryptocurrency.",MEDIUM
"Marketplace selling fake identification documents, including driving licenses and passports.",MEDIUM
"Platform providing hacking services to steal high-value intellectual property from research organizations.",MEDIUM
"Forum for sharing methods to bypass government surveillance systems and protect illegal activities online.",MEDIUM
"Marketplace for selling data on government contracts and bidding processes for illegal insider trading.",MEDIUM
"Service offering methods for hacking IoT devices and exploiting vulnerabilities for data collection.",MEDIUM
"Forum providing information on how to set up and run DDoS attacks for extortion and financial damage.",MEDIUM
"Marketplace offering access to private databases of insurance companies for exploiting health-related fraud.",MEDIUM
"Service offering tools for hacking into social media accounts to steal private user information and gain control.",MEDIUM
"Service offering to sell access to government databases containing highly classified information on national security threats.",HIGH
"Platform selling sophisticated malware tools capable of compromising critical infrastructure, such as power grids and water supply systems.",HIGH
"Offer for buying discounted video games and software licenses.",LOW
"Advertisement for a forum offering casual discussions on tech gadgets and general technology news.",LOW
"This website is a blog with harmless content.",LOW
"The website is safe to browse, no harmful activities.",LOW
"This site is about gardening tips and healthy living.",LOW
"No risks involved in visiting this website.",LOW
"The website is about movies and TV shows, no malware.",LOW
"This website is a personal blog about cooking.",LOW
"No dangerous activities on this website.",LOW
"The site is about fitness, with no risks involved.",LOW
"It is a legitimate news website, no threat.",LOW
"Completely safe for browsing.",LOW
"This website contains some ads and popups.",MEDIUM
"The site has some tracking cookies, but no malware.",MEDIUM
"Might have some phishing attempts, but overall safe.",MEDIUM
"Contains some misleading information, proceed with caution.",MEDIUM
"The website may contain fake offers and pop-ups.",MEDIUM
"Some ads may lead to suspicious websites.",MEDIUM
"Be cautious of the login forms on this site.",MEDIUM
"Contains some suspicious links, but mostly safe.",MEDIUM
"There may be some redirects to potentially harmful websites.",MEDIUM
"The website has been flagged for possible adware.",MEDIUM
"This website is known to distribute malware and ransomware.",HIGH
"Contains links to illegal content, avoid visiting.",HIGH
"This website is involved in phishing scams.",HIGH
"It is a dangerous site, known for stealing personal data.",HIGH
"Avoid visiting, the site contains illegal content.",HIGH
"This website is associated with criminal activities.",HIGH
"Known to infect your system with viruses.",HIGH
"Avoid this site, it contains harmful downloads.",HIGH
"This website has been flagged for distributing malicious software.",HIGH
"Contains explicit illegal content, do not visit.",HIGH
"This site is linked to a botnet that infects computers.",HIGH
"The website is a scam, designed to steal credit card information.",HIGH
"It contains links to illegal activities and data breaches.",HIGH
"Accessing this site will expose your computer to malware.",HIGH
"This website has been blacklisted for fraud.",HIGH
"Known to steal personal and financial data from visitors.",HIGH
"The site contains illegal adult content and malware.",HIGH
"This site was recently taken down by authorities for fraud.",HIGH
"Contains ransomware that can lock your device.",HIGH
"This website is a phishing site for banking details.",HIGH
"It spreads spyware that tracks your browsing habits.",HIGH
"This website is known for spreading trojans.",HIGH
"Has been reported for spreading viruses via downloads.",HIGH
"Website involved in distributing fake cryptocurrency mining software.",HIGH
"A dangerous website that spreads scams through email links.",HIGH
"This site tries to steal users' social media credentials.",HIGH
"Contains harmful malware that affects mobile devices.",HIGH
"Used to distribute fake antivirus software and ransomware.",HIGH
"Known for spreading fake job offers that steal your personal data.",HIGH
"The site tries to inject malware into your system via ads.",HIGH
"This website hosts ransomware that can encrypt your files.",HIGH
"Known for redirecting users to a dangerous phishing site.",HIGH
"Contains a remote access trojan (RAT) that allows hackers into your system.",HIGH
"Exploits browser vulnerabilities to install malware.",HIGH
"The website is blacklisted by security providers for fraud.",HIGH
"This site redirects you to other malicious websites.",HIGH
"Contains viruses and other harmful code that can damage your system.",HIGH
"This website is a blog with harmless content.",LOW
"The website is safe to browse, no harmful activities.",LOW
"This site is about gardening tips and healthy living.",LOW
"No risks involved in visiting this website.",LOW
"The website is about movies and TV shows, no malware.",LOW
"This website is a personal blog about cooking.",LOW
"No dangerous activities on this website.",LOW
"The site is about fitness, with no risks involved.",LOW
"It is a legitimate news website, no threat.",LOW
"Completely safe for browsing.",LOW
"This website contains some ads and popups.",MEDIUM
"The site has some tracking cookies, but no malware.",MEDIUM
"Might have some phishing attempts, but overall safe.",MEDIUM
"Contains some misleading information, proceed with caution.",MEDIUM
"The website may contain fake offers and pop-ups.",MEDIUM
"Some ads may lead to suspicious websites.",MEDIUM
"Be cautious of the login forms on this site.",MEDIUM
"Contains some suspicious links, but mostly safe.",MEDIUM
"There may be some redirects to potentially harmful websites.",MEDIUM
"The website has been flagged for possible adware.",MEDIUM
"This website is known to distribute malware and ransomware.",HIGH
"Contains links to illegal content, avoid visiting.",HIGH
"This website is involved in phishing scams.",HIGH
"It is a dangerous site, known for stealing personal data.",HIGH
"Avoid visiting, the site contains illegal content.",HIGH
"This website is associated with criminal activities.",HIGH
"Known to infect your system with viruses.",HIGH
"Avoid this site, it contains harmful downloads.",HIGH
"This website has been flagged for distributing malicious software.",HIGH
"Contains explicit illegal content, do not visit.",HIGH
"This site is linked to a botnet that infects computers.",HIGH
"The website is a scam, designed to steal credit card information.",HIGH
"It contains links to illegal activities and data breaches.",HIGH
"Accessing this site will expose your computer to malware.",HIGH
"This website has been blacklisted for fraud.",HIGH
"Known to steal personal and financial data from visitors.",HIGH
"The site contains illegal adult content and malware.",HIGH
"This site was recently taken down by authorities for fraud.",HIGH
"Contains ransomware that can lock your device.",HIGH
"This website is a phishing site for banking details.",HIGH
"It spreads spyware that tracks your browsing habits.",HIGH
"This website is known for spreading trojans.",HIGH
"Has been reported for spreading viruses via downloads.",HIGH
"Website involved in distributing fake cryptocurrency mining software.",HIGH
"A dangerous website that spreads scams through email links.",HIGH
"This site tries to steal users' social media credentials.",HIGH
"Contains harmful malware that affects mobile devices.",HIGH
"Used to distribute fake antivirus software and ransomware.",HIGH
"Known for spreading fake job offers that steal your personal data.",HIGH
"The site tries to inject malware into your system via ads.",HIGH
"This website hosts ransomware that can encrypt your files.",HIGH
"Known for redirecting users to a dangerous phishing site.",HIGH
"Contains a remote access trojan (RAT) that allows hackers into your system.",HIGH
"Exploits browser vulnerabilities to install malware.",HIGH
"The website is blacklisted by security providers for fraud.",HIGH
"This site redirects you to other malicious websites.",HIGH
"Contains viruses and other harmful code that can damage your system.",HIGH
"This website is a legitimate online shopping platform.",LOW
"Offers helpful and safe tutorials for tech enthusiasts.",LOW
"This site is a non-profit, providing education materials.",LOW
"A resource for safe online recipes.",LOW
"Contains good information on home DIY projects.",LOW
"This site offers free eBooks with no harmful content.",LOW
"A safe forum for discussions about healthy living.",LOW
"A blog that posts useful life hacks.",LOW
"This site offers travel guides and tips without malware.",LOW
"Completely secure for learning new skills online.",LOW
"Website dedicated to community support, no harmful activity.",LOW
"Contains minor pop-ups that lead to safe sites.",MEDIUM
"Moderate risk with some ads that may be misleading.",MEDIUM
"Contains user-generated content that may include spam.",MEDIUM
"Some sections of this website have intrusive ads.",MEDIUM
"This site contains affiliate links to third-party vendors.",MEDIUM
"The website has some misleading clickbait headlines.",MEDIUM
"May redirect to potentially unsafe websites.",MEDIUM
"Some reviews are fake, proceed with caution.",MEDIUM
"Contains pop-up advertisements that may be unwanted.",MEDIUM
"This site is linked to some minor fake news outlets.",MEDIUM
"Contains suspicious download links that may lead to malware.",HIGH
"This site promotes illegal software and file sharing.",HIGH
"Known for redirecting users to fraudulent websites.",HIGH
"Contains trojans that can steal sensitive data.",HIGH
"This site is a phishing attack disguised as a banking site.",HIGH
"The website is an identity theft front.",HIGH
"Promotes a fake cryptocurrency investment scheme.",HIGH
"This site contains keyloggers that track keystrokes.",HIGH
"Distributes dangerous malware through downloadable files.",HIGH
"This website tries to steal users' banking information.",HIGH
"A known site for spreading ransomware infections.",HIGH
"Contains files that automatically install malware upon download.",HIGH
"Users' personal details are compromised on this website.",HIGH
"Known to be used for cyberattacks and botnet activity.",HIGH
"This site is used to steal login credentials from social media.",HIGH
"Spreads viruses that can corrupt your system files.",HIGH
"Contains files infected with trojans and worms.",HIGH
"A site that spreads adware by misleading users.",HIGH
"Contains malware that can infect your mobile device.",HIGH
"Known for distributing fake antivirus programs to steal data.",HIGH
"Contains illegal adult content and malware links.",HIGH
"A site known for spreading clickbait with harmful redirects.",HIGH
"This website is a blog with harmless content.",LOW
"The website is safe to browse, no harmful activities.",LOW
"This site is about gardening tips and healthy living.",LOW
"No risks involved in visiting this website.",LOW
"The website is about movies and TV shows, no malware.",LOW
"This website is a personal blog about cooking.",LOW
"No dangerous activities on this website.",LOW
"The site is about fitness, with no risks involved.",LOW
"It is a legitimate news website, no threat.",LOW
"Completely safe for browsing.",LOW
"This website contains some ads and popups.",MEDIUM
"The site has some tracking cookies, but no malware.",MEDIUM
"Might have some phishing attempts, but overall safe.",MEDIUM
"Contains some misleading information, proceed with caution.",MEDIUM
"The website may contain fake offers and pop-ups.",MEDIUM
"Some ads may lead to suspicious websites.",MEDIUM
"Be cautious of the login forms on this site.",MEDIUM
"Contains some suspicious links, but mostly safe.",MEDIUM
"There may be some redirects to potentially harmful websites.",MEDIUM
"The website has been flagged for possible adware.",MEDIUM
"This website is known to distribute malware and ransomware.",HIGH
"Contains links to illegal content, avoid visiting.",HIGH
"This website is involved in phishing scams.",HIGH
"It is a dangerous site, known for stealing personal data.",HIGH
"Avoid visiting, the site contains illegal content.",HIGH
"This website is associated with criminal activities.",HIGH
"Known to infect your system with viruses.",HIGH
"Avoid this site, it contains harmful downloads.",HIGH
"This website has been flagged for distributing malicious software.",HIGH
"Contains explicit illegal content, do not visit.",HIGH
"This site is linked to a botnet that infects computers.",HIGH
"The website is a scam, designed to steal credit card information.",HIGH
"It contains links to illegal activities and data breaches.",HIGH
"Accessing this site will expose your computer to malware.",HIGH
"This website has been blacklisted for fraud.",HIGH
"Known to steal personal and financial data from visitors.",HIGH
"The site contains illegal adult content and malware.",HIGH
"This site was recently taken down by authorities for fraud.",HIGH
"Contains ransomware that can lock your device.",HIGH
"This website is a phishing site for banking details.",HIGH
"It spreads spyware that tracks your browsing habits.",HIGH
"This website is known for spreading trojans.",HIGH
"Has been reported for spreading viruses via downloads.",HIGH
"Website involved in distributing fake cryptocurrency mining software.",HIGH
"A dangerous website that spreads scams through email links.",HIGH
"This site tries to steal users' social media credentials.",HIGH
"Contains harmful malware that affects mobile devices.",HIGH
"Used to distribute fake antivirus software and ransomware.",HIGH
"Known for spreading fake job offers that steal your personal data.",HIGH
"The site tries to inject malware into your system via ads.",HIGH
"This website hosts ransomware that can encrypt your files.",HIGH
"Known for redirecting users to a dangerous phishing site.",HIGH
"Contains a remote access trojan (RAT) that allows hackers into your system.",HIGH
"Exploits browser vulnerabilities to install malware.",HIGH
"The website is blacklisted by security providers for fraud.",HIGH
"This site redirects you to other malicious websites.",HIGH
"Contains viruses and other harmful code that can damage your system.",HIGH
"This website is a legitimate online shopping platform.",LOW
"Offers helpful and safe tutorials for tech enthusiasts.",LOW
"This site is a non-profit, providing education materials.",LOW
"A resource for safe online recipes.",LOW
"Contains good information on home DIY projects.",LOW
"This site offers free eBooks with no harmful content.",LOW
"A safe forum for discussions about healthy living.",LOW
"A blog that posts useful life hacks.",LOW
"This site offers travel guides and tips without malware.",LOW
"Completely secure for learning new skills online.",LOW
"Website dedicated to community support, no harmful activity.",LOW
"Contains minor pop-ups that lead to safe sites.",MEDIUM
"Moderate risk with some ads that may be misleading.",MEDIUM
"Contains user-generated content that may include spam.",MEDIUM
"Some sections of this website have intrusive ads.",MEDIUM
"This site contains affiliate links to third-party vendors.",MEDIUM
"The website has some misleading clickbait headlines.",MEDIUM
"May redirect to potentially unsafe websites.",MEDIUM
"Some reviews are fake, proceed with caution.",MEDIUM
"Contains pop-up advertisements that may be unwanted.",MEDIUM
"This site is linked to some minor fake news outlets.",MEDIUM
"Contains suspicious download links that may lead to malware.",HIGH
"This site promotes illegal software and file sharing.",HIGH
"Known for redirecting users to fraudulent websites.",HIGH
"Contains trojans that can steal sensitive data.",HIGH
"This site is a phishing attack disguised as a banking site.",HIGH
"The website is an identity theft front.",HIGH
"Promotes a fake cryptocurrency investment scheme.",HIGH
"This site contains keyloggers that track keystrokes.",HIGH
"Distributes dangerous malware through downloadable files.",HIGH
"This website tries to steal users' banking information.",HIGH
"A known site for spreading ransomware infections.",HIGH
"Contains files that automatically install malware upon download.",HIGH
"Users' personal details are compromised on this website.",HIGH
"Known to be used for cyberattacks and botnet activity.",HIGH
"This site is used to steal login credentials from social media.",HIGH
"Spreads viruses that can corrupt your system files.",HIGH
"Contains files infected with trojans and worms.",HIGH
"A site that spreads adware by misleading users.",HIGH
"Contains malware that can infect your mobile device.",HIGH
"Known for distributing fake antivirus programs to steal data.",HIGH
"Contains illegal adult content and malware links.",HIGH
"A site known for spreading clickbait with harmful redirects.",HIGH
"This website is about safe online shopping with no risks.",LOW
"Contains educational content that promotes wellness.",LOW
"This site provides resources on free software.",LOW
"A trustworthy online magazine for tech reviews.",LOW
"Provides general news content from verified sources.",LOW
"Offers helpful advice on personal finance and budgeting.",LOW
"This website offers free online courses in computer science.",LOW
"Resource for online photography tips and tutorials.",LOW
"Contains verified reviews of electronic gadgets.",LOW
"Contains articles on sustainable living and the environment.",LOW
"Completely safe website with minimal ads.",LOW
"Has some ads and redirects, but generally safe.",MEDIUM
"Contains ads that may be misleading to some users.",MEDIUM
"Has some links that could be a phishing attempt.",MEDIUM
"Be cautious of some pop-up ads on the website.",MEDIUM
"Some content may include affiliate marketing that is not fully transparent.",MEDIUM
"Contains a few ads leading to minor risks.",MEDIUM
"Occasionally redirects to other, less trustworthy sites.",MEDIUM
"Some content contains exaggerated claims that could be misleading.",MEDIUM
"Has low-level risks but no major threats.",MEDIUM
"Contains some outdated information that could be misleading.",MEDIUM
"This website is known to be harmful with multiple virus infections.",HIGH
"Contains a number of adware programs that slow your system.",HIGH
"Directly leads to a phishing scam attempting to steal credentials.",HIGH
"Promotes illegal activities such as unlicensed streaming and downloads.",HIGH
"The site hosts dangerous spyware and adware.",HIGH
"Has been blacklisted for fraudulent activities.",HIGH
"Website known to infect users with ransomware through downloads.",HIGH
"Links to fake job offers that steal users' personal data.",HIGH
"Contains a trojan virus that allows unauthorized access to your system.",HIGH
"Promotes fake antivirus software that infects your computer.",HIGH
"Spreads malware that can compromise your personal data.",HIGH
"This website hosts malicious ads that infect systems with viruses.",HIGH
"Contains files with hidden malware that infect your computer upon download.",HIGH
"Used to spread phishing emails asking for sensitive information.",HIGH
"A dangerous site linked to illegal trading activities.",HIGH
"This website is a blog with harmless content.",LOW
"The website is safe to browse, no harmful activities.",LOW
"This site is about gardening tips and healthy living.",LOW
"No risks involved in visiting this website.",LOW
"The website is about movies and TV shows, no malware.",LOW
"This website is a personal blog about cooking.",LOW
"No dangerous activities on this website.",LOW
"The site is about fitness, with no risks involved.",LOW
"It is a legitimate news website, no threat.",LOW
"Completely safe for browsing.",LOW
"This website contains some ads and popups.",MEDIUM
"The site has some tracking cookies, but no malware.",MEDIUM
"Might have some phishing attempts, but overall safe.",MEDIUM
"Contains some misleading information, proceed with caution.",MEDIUM
"The website may contain fake offers and pop-ups.",MEDIUM
"Some ads may lead to suspicious websites.",MEDIUM
"Be cautious of the login forms on this site.",MEDIUM
"Contains some suspicious links, but mostly safe.",MEDIUM
"There may be some redirects to potentially harmful websites.",MEDIUM
"The website has been flagged for possible adware.",MEDIUM
"This website is known to distribute malware and ransomware.",HIGH
"Contains links to illegal content, avoid visiting.",HIGH
"This website is involved in phishing scams.",HIGH
"It is a dangerous site, known for stealing personal data.",HIGH
"Avoid visiting, the site contains illegal content.",HIGH
"This website is associated with criminal activities.",HIGH
"Known to infect your system with viruses.",HIGH
"Avoid this site, it contains harmful downloads.",HIGH
"This website has been flagged for distributing malicious software.",HIGH
"Contains explicit illegal content, do not visit.",HIGH
"This site is linked to a botnet that infects computers.",HIGH
"The website is a scam, designed to steal credit card information.",HIGH
"It contains links to illegal activities and data breaches.",HIGH
"Accessing this site will expose your computer to malware.",HIGH
"This website has been blacklisted for fraud.",HIGH
"Known to steal personal and financial data from visitors.",HIGH
"The site contains illegal adult content and malware.",HIGH
"This site was recently taken down by authorities for fraud.",HIGH
"Contains ransomware that can lock your device.",HIGH
"This website is a phishing site for banking details.",HIGH
"It spreads spyware that tracks your browsing habits.",HIGH
"This website is known for spreading trojans.",HIGH
"Has been reported for spreading viruses via downloads.",HIGH
"Website involved in distributing fake cryptocurrency mining software.",HIGH
"A dangerous website that spreads scams through email links.",HIGH
"This site tries to steal users' social media credentials.",HIGH
"Contains harmful malware that affects mobile devices.",HIGH
"Used to distribute fake antivirus software and ransomware.",HIGH
"Known for spreading fake job offers that steal your personal data.",HIGH
"The site tries to inject malware into your system via ads.",HIGH
"This website hosts ransomware that can encrypt your files.",HIGH
"Known for redirecting users to a dangerous phishing site.",HIGH
"Contains a remote access trojan (RAT) that allows hackers into your system.",HIGH
"Exploits browser vulnerabilities to install malware.",HIGH
"The website is blacklisted by security providers for fraud.",HIGH
"This site redirects you to other malicious websites.",HIGH
"Contains viruses and other harmful code that can damage your system.",HIGH
"This website is a legitimate online shopping platform.",LOW
"Offers helpful and safe tutorials for tech enthusiasts.",LOW
"This site is a non-profit, providing education materials.",LOW
"A resource for safe online recipes.",LOW
"Contains good information on home DIY projects.",LOW
"This site offers free eBooks with no harmful content.",LOW
"A safe forum for discussions about healthy living.",LOW
"A blog that posts useful life hacks.",LOW
"This site offers travel guides and tips without malware.",LOW
"Completely secure for learning new skills online.",LOW
"Website dedicated to community support, no harmful activity.",LOW
"Contains minor pop-ups that lead to safe sites.",MEDIUM
"Moderate risk with some ads that may be misleading.",MEDIUM
"Contains user-generated content that may include spam.",MEDIUM
"Some sections of this website have intrusive ads.",MEDIUM
"This site contains affiliate links to third-party vendors.",MEDIUM
"The website has some misleading clickbait headlines.",MEDIUM
"May redirect to potentially unsafe websites.",MEDIUM
"Some reviews are fake, proceed with caution.",MEDIUM
"Contains pop-up advertisements that may be unwanted.",MEDIUM
"This site is linked to some minor fake news outlets.",MEDIUM
"Contains suspicious download links that may lead to malware.",HIGH
"This site promotes illegal software and file sharing.",HIGH
"Known for redirecting users to fraudulent websites.",HIGH
"Contains trojans that can steal sensitive data.",HIGH
"This site is a phishing attack disguised as a banking site.",HIGH
"The website is an identity theft front.",HIGH
"Promotes a fake cryptocurrency investment scheme.",HIGH
"This site contains keyloggers that track keystrokes.",HIGH
"Distributes dangerous malware through downloadable files.",HIGH
"This website tries to steal users' banking information.",HIGH
"A known site for spreading ransomware infections.",HIGH
"Contains files that automatically install malware upon download.",HIGH
"Users' personal details are compromised on this website.",HIGH
"Known to be used for cyberattacks and botnet activity.",HIGH
"This site is used to steal login credentials from social media.",HIGH
"Spreads viruses that can corrupt your system files.",HIGH
"Contains files infected with trojans and worms.",HIGH
"A site that spreads adware by misleading users.",HIGH
"Contains malware that can infect your mobile device.",HIGH
"Known for distributing fake antivirus programs to steal data.",HIGH
"Contains illegal adult content and malware links.",HIGH
"A site known for spreading clickbait with harmful redirects.",HIGH
"This website is about safe online shopping with no risks.",LOW
"Contains educational content that promotes wellness.",LOW
"This site provides resources on free software.",LOW
"A trustworthy online magazine for tech reviews.",LOW
"Provides general news content from verified sources.",LOW
"Offers helpful advice on personal finance and budgeting.",LOW
"This website offers free online courses in computer science.",LOW
"Resource for online photography tips and tutorials.",LOW
"Contains verified reviews of electronic gadgets.",LOW
"Contains articles on sustainable living and the environment.",LOW
"Completely safe website with minimal ads.",LOW
"Has some ads and redirects, but generally safe.",MEDIUM
"Contains ads that may be misleading to some users.",MEDIUM
"Has some links that could be a phishing attempt.",MEDIUM
"Be cautious of some pop-up ads on the website.",MEDIUM
"Some content may include affiliate marketing that is not fully transparent.",MEDIUM
"Contains a few ads leading to minor risks.",MEDIUM
"Occasionally redirects to other, less trustworthy sites.",MEDIUM
"Some content contains exaggerated claims that could be misleading.",MEDIUM
"Has low-level risks but no major threats.",MEDIUM
"Contains some outdated information that could be misleading.",MEDIUM
"This website is known to be harmful with multiple virus infections.",HIGH
"Contains a number of adware programs that slow your system.",HIGH
"Directly leads to a phishing scam attempting to steal credentials.",HIGH
"Promotes illegal activities such as unlicensed streaming and downloads.",HIGH
"The site hosts dangerous spyware and adware.",HIGH
"Has been blacklisted for fraudulent activities.",HIGH
"Website known to infect users with ransomware through downloads.",HIGH
"Links to fake job offers that steal users' personal data.",HIGH
"Contains a trojan virus that allows unauthorized access to your system.",HIGH
"Promotes fake antivirus software that infects your computer.",HIGH
"Spreads malware that can compromise your personal data.",HIGH
"This website hosts malicious ads that infect systems with viruses.",HIGH
"Contains files with hidden malware that infect your computer upon download.",HIGH
"Used to spread phishing emails asking for sensitive information.",HIGH
"A dangerous site linked to illegal trading activities.",HIGH
"Contains multiple redirect attempts to fake and dangerous websites.",HIGH
"Known to be a part of a larger fraud network.",HIGH
"Spreads viruses that can damage or erase your files.",HIGH
"Contains malicious links that track users' personal information.",HIGH
"A site associated with unauthorized data access and breaches.",HIGH
"Contains malicious download links that can affect the system's security.",HIGH
"This website contains an exploit kit that targets browser vulnerabilities.",HIGH
"Distributes software that installs spyware or keyloggers.",HIGH
